input val,PPT CV,2 Sym CV,3 Sym CV,PPT-2Sym,2Sym - 3Sym,INFO:
0.45,1.8712759087780082,1.8154310383094738,1.8154298574183274,0.05584487046853437,1.1808911464239458e-6,Generated by co-positive-map-investigation.jl
0.5,1.8168288761530753,1.7142856624144471,1.714285754467748,0.10254321373862818,-9.20533007597868e-8,"scan_range = [0.45, 0.5, 0.55, 0.6, 0.65, 0.7, 0.75]"
0.55,1.7756662747510645,1.6444674675162227,1.6374776660732024,0.13119880723484179,0.006989801443020305,nothing
0.6,1.744531384402674,1.6260526502315744,1.6122443166575595,0.11847873417109955,0.013808333574014897,nothing
0.65,1.721014229642344,1.6281884674993115,1.6272608112008151,0.09282576214303262,0.0009276562984963377,nothing
0.7,1.7033485055679514,1.639268749042071,1.6392690253071953,0.06407975652588038,-2.7626512433265304e-7,nothing
0.75,1.6902335980580487,1.648648634029034,1.6486483748441934,0.04158496402901468,2.5918484070075465e-7,nothing
